Locality,Date,Rate
Alameda,7/1/2026,17.76
Belmont,7/1/2026,18.95
Berkeley,7/1/2026,19.61
Burlingame,1/1/2026,17.86
Cupertino,1/1/2026,18.7
Daly City,1/1/2026,17.5
East Palo Alto,1/1/2026,17.9
El Cerrito,1/1/2026,18.82
Emeryville,7/1/2026,20.34
Foster City,1/1/2026,17.85
Fremont,7/1/2026,18.05
Half Moon Bay,1/1/2026,17.91
Hayward,1/1/2026,17.79
Los Altos,1/1/2026,18.7
Los Angeles,7/1/2026,18.42
Los Angeles County,7/1/2026,18.47
Malibu,7/1/2026,17.91
Menlo Park,1/1/2026,17.55
Milpitas,7/1/2026,18.5
Mountain View,1/1/2026,19.7
Novato,1/1/2026,17.46
Oakland,1/1/2026,17.34
Palo Alto,1/1/2026,18.7
Pasadena,7/1/2026,18.57
Petaluma,1/1/2026,18.31
Redwood City,1/1/2026,18.65
Richmond,1/1/2026,19.18
San Carlos,1/1/2026,17.75
San Diego,1/1/2026,17.75
San Francisco,7/1/2026,19.61
San Jose,1/1/2026,18.45
San Mateo,1/1/2026,18.6
San Mateo County,1/1/2026,17.95
Santa Clara,1/1/2026,18.7
Santa Monica,7/1/2026,18.7
Santa Rosa,1/1/2026,18.21
South San Francisco,1/1/2026,18.15
Sonoma,1/1/2026,18.47
Sunnyvale,1/1/2026,19.5
West Hollywood,1/1/2026,20.25
