Consumer Price Index for Urban Wage Earners and Clerical Workers (CPI-W),,,,,,,,,,,,,,,
Original Data Value,,,,,,,,,,,,,,,
,,,,,,,,,,,,,,,
Series Id:,CWURS49BSA0,,,,,,,,,,,,,,
Not Seasonally Adjusted,,,,,,,,,,,,,,,
Series Title:,"All items in San Francisco-Oakland-Hayward, CA, urban wage earners and clerical workers, not seasonally adjusted",,,,,,,,,,,,,,
Area:,"San Francisco-Oakland-Hayward, CA",,,,,,,,,,,,,,
Item:,All items,,,,,,,,,,,,,,
Base Period:,1982-84=100,,,,,,,,,,,,,,
Years:,2016 to 2026,,,,,,,,,,,,,,
,,,,,,,,,,,,,,,
Year,Jan,Feb,Mar,Apr,May,Jun,Jul,Aug,Sep,Oct,Nov,Dec,Annual,HALF1,HALF2
2016,,257.141,,259.386,,261.017,,262.326,,264.026,,263.222,260.830,258.715,262.946
2017,,265.569,,268.896,,269.508,,269.827,,271.272,,271.342,268.990,267.426,270.555
2018,,275.699,,278.039,,280.219,,281.536,,283.183,,283.278,279.572,277.035,282.110
2019,,284.758,,288.266,,288.581,,288.514,,291.707,,289.456,288.192,286.615,289.770
2020,,292.010,,290.304,,292.420,,293.062,,294.442,,295.687,292.601,291.297,293.906
2021,,297.170,,302.294,,304.971,,307.423,,309.656,,312.019,304.602,300.275,308.928
2022,,316.463,,322.021,,328.137,,325.932,,329.331,,326.465,323.900,320.408,327.391
2023,,331.875,,333.478,,335.725,,336.663,,337.698,,335.597,334.662,332.718,336.605
2024,,341.595,,346.671,,345.789,,344.633,,345.472,,342.582,343.886,343.520,344.253
2025,,350.836,,352.077,,352.456,,353.869,,,,353.216,351.630,350.453,353.043
2026,,356.964,,363.533,,364.483,,364.198,,,,,,360.260,